SKU,post_excerpt,stock_status
1430,Price: $0.65,instock
3659,Price: $0.29,instock
89850,Price: $2.50,instock
92950,Price: $5.75,instock
006-3781,Price: $0.65,instock
100038R,Price: $0.48,instock
13-44014,Price: $2.75,instock
310B,Price: $0.25,instock
3-20015,Price: $0.55,instock
32LED,Price: $3.00,instock
3-32808,Price: $1.75,instock
3-32809,Price: $1.75,instock
42LED,Price: $3.75,instock
8-40500,Price: $0.25,instock
ABG,Price: $1.00,instock
AC,Price: $0.50,instock
AC1,Price: $0.55,instock
AH601,Price: $0.55,instock
AHR,Price: $1.50,instock
AR22,Price: $2.85,instock
AS12,Price: $0.48,instock
AS16,Price: $0.65,instock
AS6,Price: $0.65,instock
ASHG,Price: $0.25,instock
ATB,Price: $35.00,instock
ATD18,Price: $0.50,instock
ATD24,Price: $0.50,instock
ATL6,Price: $0.50,instock
ATL9M,Price: $0.65,instock
AW15,Price: $5.25,instock
AW18,Price: $9.50,instock
AW24,Price: $13.75,instock
BB25,Price: $0.50,instock
BB3,Price: $0.69,instock
BB6,Price: $0.50,instock
BBQLB,Price: $0.55,instock
BCF,Price: $0.50,instock
BCHD18,Price: $0.50,instock
BCHD182,Price: $0.65,instock
BCHD236,Price: $0.50,instock
BCHD324,Price: $0.55,instock
BCHD4,Price: $0.45,instock
BCHD6,Price: $0.50,instock
BCHD72,Price: $0.50,instock
BIT20,Price: $0.65,instock
BIT24,Price: $0.65,instock
BK3,Price: $0.50,instock
BL,Price: $0.50,instock
BMO,Price: $0.55,instock
BPC,Price: $0.65,instock
BPC3,Price: $0.65,instock
BPH32,Price: $0.55,instock
BS,Price: $0.60,instock
BS21,Price: $1.50,instock
BS24,Price: $2.00,instock
BS30,Price: $2.50,instock
CB,Price: $2.00,instock
CB11,Price: $0.50,instock
CC8,Price: $0.60,instock
CD,Price: $0.50,instock
CD120,Price: $4.00,instock
CD224,Price: $5.50,instock
CFMB,Price: $3.75,instock
CFMBE,Price: $3.75,instock
CFMBL,Price: $3.75,instock
CFMC,Price: $3.75,instock
CFMDG,Price: $3.75,instock
CH,Price: $0.50,instock
CH1,Price: $19.00,instock
CH2,Price: $25.00,instock
CH3,Price: $39.00,instock
CH5,Price: $50.00,instock
CHS8,Price: $0.65,instock
COMP1,Price: $0.35,instock
CPT,Price: $0.55,instock
CPW,Price: $0.48,instock
CPW100,Price: $0.59,instock
CS12,Price: $0.59,instock
CS714L,Price: $29.00,instock
CT100,Price: $1.00,instock
CT2,Price: $0.45,instock
CT8100,Price: $0.50,instock
CUT100,Price: $0.45,instock
CW,Price: $0.90,instock
CWM1,Price: $0.50,instock
CWM2,Price: $0.75,instock
D/M,Price: $0.59,instock
DB-947,Price: $0.55,instock
DB-970,Price: $0.60,instock
DC248,Price: $0.60,instock
DC348,Price: $0.50,instock
DC912,Price: $0.48,instock
DCKS,Price: $0.75,instock
DL35,Price: $0.50,instock
DM12,Price: $0.45,instock
DM5,Price: $0.50,instock
DM50,Price: $1.50,instock
DP5,Price: $0.55,instock
DP6,Price: $0.75,instock
DWS,Price: $0.45,instock
DWW7,Price: $0.45,instock
EH500,Price: $0.69,instock
EM,Price: $0.45,instock
FB10,Price: $0.55,instock
FB3,Price: $0.75,instock
FC,Price: $4.00,instock
FD,Price: $13.50,instock
FHT01,Price: $17.50,instock
FHT03,Price: $17.50,instock
FLB22,Price: $0.50,instock
FLS,Price: $0.50,instock
FLT,Price: $7.00,instock
FM10,Price: $0.50,instock
FMT,Price: $0.50,instock
FP,Price: $1.95,instock
FS38,Price: $0.60,instock
FS4,Price: $0.50,instock
FT,Price: $5.00,instock
FWL,Price: $2.75,instock
GB3,Price: $0.45,instock
GC,Price: $0.75,instock
GI103,Price: $2.00,instock
GLOVE10,Price: $1.00,instock
GLOVE2,Price: $0.48,instock
GLOVE4,Price: $1.00,instock
GM2,Price: $0.50,instock
GS,Price: $0.45,instock
GS6,Price: $0.45,instock
HC12,Price: $0.60,instock
HFD,Price: $0.50,instock
HGGS,Price: $0.60,instock
HGGS12,Price: $0.50,instock
HGGS6,Price: $0.45,instock
HK16,Price: $1.15,instock
HK25,Price: $2.00,instock
HK7,Price: $0.48,instock
HKM8,Price: $0.59,instock
HNB,Price: $0.50,instock
HP12,Price: $2.95,instock
HPC,Price: $2.95,instock
HPD,Price: $3.95,instock
HS12,Price: $0.58,instock
HSF,Price: $0.85,instock
HT3,Price: $1.00,instock
HVLPC,Price: $7.00,instock
IN10,Price: $0.55,instock
IN3,Price: $0.45,instock
IPL25,Price: $0.45,instock
IPL40,Price: $3.00,instock
IZ292,Price: $0.50,instock
JB,Price: $0.55,instock
JC-950,Price: $0.35,instock
JSDP,Price: $3.00,instock
JTB,Price: $0.48,instock
JTK,Price: $0.45,instock
JW10,Price: $59.00,instock
JW6,Price: $39.00,instock
K005M,Price: $0.45,instock
KC,Price: $0.35,instock
KC10078,Price: $10.00,instock
KC28012,Price: $7.00,instock
KC28015,Price: $3.00,instock
KC28016,Price: $7.00,instock
KC30005,Price: $4.00,instock
KC30013B,Price: $7.50,instock
KC42778,Price: $6.00,instock
KC42784,Price: $4.00,instock
KC42785,Price: $6.00,instock
KC42789CB,Price: $2.50,instock
KC42802,Price: $3.50,instock
KC42806,Price: $2.50,instock
KC42807C,Price: $2.75,instock
KC42817B,Price: $13.50,instock
KC42822CB,Price: $2.75,instock
KC42823,Price: $3.00,instock
KC42827,Price: $4.00,instock
KC42988,Price: $0.55,instock
KC42989,Price: $0.55,instock
KC42990,Price: $0.55,instock
KC42994,Price: $5.00,instock
KC42995,Price: $0.55,instock
KC42996,Price: $0.75,instock
KC43001,Price: $3.00,instock
KC43002B,Price: $3.00,instock
KC43008,Price: $6.00,instock
KC43009,Price: $8.50,instock
KC43011,Price: $3.00,instock
KC43021,Price: $7.50,instock
KC43024C,Price: $2.50,instock
KC43025,Price: $4.00,instock
KC50007,Price: $3.50,instock
KC60057,Price: $2.75,instock
KC62208,Price: $1.75,instock
KC68007,Price: $5.00,instock
KC68009,Price: $1.00,instock
KC68034,Price: $2.00,instock
KC68052,Price: $3.00,instock
KC68054,Price: $4.00,instock
KC68056B,Price: $4.00,instock
KC68129,Price: $0.55,instock
KC68151,Price: $6.00,instock
KC68160,Price: $8.00,instock
KC68161,Price: $2.50,instock
KC68169B,Price: $4.00,instock
KC69001,Price: $2.95,instock
KC69004,Price: $5.00,instock
KC69005,Price: $5.00,instock
KC69019,Price: $6.00,instock
KC69064,Price: $7.00,instock
KC69065,Price: $5.50,instock
KC69082,Price: $5.00,instock
KC69084,Price: $2.95,instock
KC69085,Price: $5.00,instock
KC69086,Price: $5.00,instock
KC69087,Price: $5.00,instock
KC69088,Price: $11.00,instock
KC69090,Price: $9.00,instock
KC70053,Price: $8.00,instock
KC70055,Price: $2.95,instock
KC70056,Price: $2.95,instock
KC88005,Price: $6.00,instock
KC90020,Price: $2.00,instock
KC90087,Price: $3.50,instock
KC90129,Price: $6.50,instock
KC91088L,Price: $3.00,instock
KC91089,Price: $3.50,instock
KC91092,Price: $4.00,instock
KC91093,Price: $5.00,instock
KC91097B,Price: $1.50,instock
KC91104B,Price: $0.65,instock
KC91105B,Price: $0.65,instock
KC91106B,Price: $0.65,instock
KC91107B,Price: $0.65,instock
KC91109,Price: $3.50,instock
KC92116B,Price: $3.95,instock
KC92191,Price: $4.00,instock
KC92192,Price: $2.50,instock
KC92193,Price: $3.50,instock
KC92194,Price: $3.50,instock
KC92196,Price: $3.50,instock
KC92222-B5,Price: $4.00,instock
KC92225,Price: $5.75,instock
KC98162B,Price: $3.50,instock
KCIP90017,Price: $1.00,instock
KCIP90023,Price: $1.00,instock
LB112,Price: $50.00,instock
LB150,Price: $0.35,instock
LB34,Price: $45.00,instock
LB6T,Price: $0.50,instock
LED,Price: $0.50,instock
LED12,Price: $3.00,instock
LED24,Price: $3.00,instock
LED243,Price: $1.50,instock
LED2P,Price: $2.00,instock
LED3,Price: $0.50,instock
LED7,Price: $1.50,instock
LED9,Price: $0.85,instock
LED9Y,Price: $0.50,instock
LEDL,Price: $0.50,instock
LEDS,Price: $0.50,instock
LEDY,Price: $0.45,instock
LGB,Price: $1.00,instock
LGBY,Price: $0.55,instock
LGC,Price: $0.45,instock
LGV,Price: $0.50,instock
LNP5,Price: $0.55,instock
LNP6,Price: $0.75,instock
LP6,Price: $0.75,instock
LUK,Price: $2.00,instock
LW14,Price: $2.50,instock
M18,Price: $2.00,instock
M22,Price: $2.50,instock
M23,Price: $2.50,instock
M7,Price: $0.65,instock
MAC,Price: $5.00,instock
MG4,Price: $0.60,instock
MG5,Price: $0.50,instock
MH6,Price: $0.50,instock
MHK,Price: $0.45,instock
MHV,Price: $2.25,instock
MLC,Price: $0.55,instock
MLF,Price: $0.50,instock
MM3PC,Price: $0.65,instock
MPH13,Price: $2.00,instock
MPK,Price: $0.68,instock
MPL,Price: $0.50,instock
MS712,Price: $0.58,instock
MSC,Price: $2.00,instock
MT1,Price: $2.00,instock
MT100,Price: $3.00,instock
MWB3,Price: $0.50,instock
MWB3B,Price: $0.75,instock
N126,Price: $0.50,instock
NB55,Price: $0.50,instock
NF10,Price: $1.25,instock
NF6,Price: $1.50,instock
OS3,Price: $0.50,instock
P4065,Price: $6.00,instock
P4075,Price: $6.00,instock
P5,Price: $0.55,instock
PAT,Price: $0.48,instock
PB2,Price: $0.50,instock
PB3,Price: $0.50,instock
PB4W,Price: $0.48,instock
PB5,Price: $0.75,instock
PE2,Price: $0.55,instock
PF10,Price: $1.50,instock
PF4,Price: $0.55,instock
PFCS,Price: $19.00,instock
PHK72,Price: $0.55,instock
PK1020S,Price: $0.65,instock
PK816S,Price: $0.55,instock
PK816T,Price: $0.75,instock
PLL,Price: $0.50,instock
PLM,Price: $0.45,instock
PLS1,Price: $0.50,instock
PPP,Price: $0.55,instock
PR,Price: $0.55,instock
PR100,Price: $2.50,instock
PR50,Price: $0.50,instock
PR5038,Price: $1.75,instock
PR9C,Price: $0.48,instock
PR9HD,Price: $0.60,instock
PRF,Price: $0.48,instock
PS12,Price: $0.60,instock
PS7,Price: $0.60,instock
PS9,Price: $0.65,instock
PSC2,Price: $0.25,instock
PT5,Price: $0.55,instock
PTB,Price: $0.65,instock
PUT5,Price: $0.58,instock
RFH,Price: $0.58,instock
RMFG16,Price: $1.45,instock
RMFG24,Price: $1.85,instock
RMFG32,Price: $2.50,instock
RMFG8,Price: $0.75,instock
RPT,Price: $2.00,instock
RS2,Price: $0.48,instock
RSSD,Price: $5.00,instock
RTC,Price: $12.00,instock
RTD227,Price: $8.00,instock
RTD236,Price: $8.00,instock
RTD324,Price: $8.00,instock
RWS,Price: $0.50,instock
S1,Price: $0.50,instock
S112,Price: $0.55,instock
S2,Price: $0.59,instock
S3,Price: $0.65,instock
SA,Price: $0.50,instock
SA15,Price: $0.50,instock
SA9,Price: $0.50,instock
SAP66,Price: $0.50,instock
SAT,Price: $0.55,instock
SB1,Price: $0.50,instock
SB104,Price: $6.00,instock
SB2,Price: $0.50,instock
SB20,Price: $70.00,instock
SB3,Price: $0.57,instock
SB5,Price: $0.50,instock
SBC,Price: $0.70,instock
SBF,Price: $0.70,instock
SBMG,Price: $0.70,instock
SC,Price: $0.55,instock
SC3,Price: $0.50,instock
SC6,Price: $0.69,instock
SCB,Price: $0.45,instock
SCL,Price: $0.55,instock
SCN6,Price: $0.39,instock
SCS,Price: $0.45,instock
SD12,Price: $0.50,instock
SD12B,Price: $0.64,instock
SD12F,Price: $0.50,instock
SD14,Price: $2.00,instock
SD17,Price: $1.50,instock
SD2D,Price: $0.55,instock
SD41,Price: $2.50,instock
SDB61,Price: $0.54,instock
SDD4,Price: $0.75,instock
SDGT7,Price: $0.75,instock
SE5,Price: $0.45,instock
SEGV01,Price: $3.50,instock
SFG,Price: $5.50,instock
SFGS,Price: $5.50,instock
SG,Price: $0.48,instock
SG100,Price: $1.50,instock
SGC,Price: $0.50,instock
SH6W,Price: $0.50,instock
SH8FG,Price: $0.50,instock
SHFG3,Price: $0.50,instock
SHFG33,Price: $0.50,instock
SI30,Price: $0.65,instock
SM18,Price: $0.35,instock
SMC24,Price: $0.65,instock
SP128,Price: $0.56,instock
SR,Price: $0.50,instock
SS2,Price: $0.48,instock
SS21,Price: $37.00,instock
SS25,Price: $6.50,instock
SS4,Price: $0.50,instock
SS40,Price: $3.50,instock
SS52,Price: $6.00,instock
SS6,Price: $0.30,instock
SS75,Price: $9.00,instock
SS8,Price: $0.39,instock
SSC,Price: $0.45,instock
SV,Price: $0.65,instock
SW12,Price: $0.50,instock
SW16,Price: $0.75,instock
SW3,Price: $0.58,instock
SW9,Price: $0.55,instock
T12260,Price: $0.66,instock
T12520,Price: $0.51,instock
TB,Price: $0.85,instock
TD,Price: $0.50,instock
TF17,Price: $0.54,instock
TIM,Price: $0.75,instock
TK15,Price: $1.95,instock
TK17,Price: $1.75,instock
TK25,Price: $2.35,instock
TK26,Price: $2.35,instock
TK45,Price: $7.00,instock
TL12V,Price: $2.50,instock
TM,Price: $0.75,instock
TM16,Price: $0.58,instock
TM3,Price: $0.25,instock
TM6,Price: $0.59,instock
TMS12,Price: $0.48,instock
TMS125,Price: $0.50,instock
TPF,Price: $0.50,instock
TR,Price: $2.00,instock
TRK,Price: $0.45,instock
UK9,Price: $0.48,instock
UKM,Price: $0.68,instock
UKM2,Price: $0.50,instock
USA,Price: $0.35,instock
USP,Price: $0.50,instock
WB15,Price: $1.65,instock
WB18,Price: $1.65,instock
WBL,Price: $0.50,instock
WBT,Price: $7.00,instock
WFS,Price: $0.65,instock
WG,Price: $0.65,instock
WGBL,Price: $0.60,instock
WGBM,Price: $0.60,instock
WGBS,Price: $0.60,instock
WGBXL,Price: $0.60,instock
WGG,Price: $0.65,instock
WGL,Price: $0.65,instock
WGRL,Price: $0.60,instock
WGRM,Price: $0.60,instock
WGRS,Price: $0.60,instock
WGRXL,Price: $0.60,instock
WGYL,Price: $0.60,instock
WGYM,Price: $0.60,instock
WGYS,Price: $0.60,instock
WGYXL,Price: $0.60,instock
WJ6,Price: $0.55,instock
WR12,Price: $0.45,instock
WTC,Price: $0.50,instock
ZB,Price: $0.66,instock
